,score,name,rank,country,district
0,100,Harvard University,1,United States,"Cambridge, MA"
1,98.4,Massachusetts Institute of Technology,2,United States,"Cambridge, MA"
2,94.9,Stanford University,3,United States,"Stanford, CA"
3,90.3,University of California--Berkeley,4,United States,"Berkeley, CA"
4,87.2,University of Oxford,5,United Kingdom,Oxford
5,87.1,California Institute of Technology,6,United States,"Pasadena, CA"
6,86.5,Columbia University,7,United States,"New York, NY"
7,85.6,Princeton University,8,United States,"Princeton, NJ"
8,85.5,University of Cambridge,9,United Kingdom,Cambridge
9,85.3,University of Washington,10,United States,"Seattle, WA"
10,100,Harvard University,1,United States,"Cambridge, MA"
11,98.4,Massachusetts Institute of Technology,2,United States,"Cambridge, MA"
12,94.9,Stanford University,3,United States,"Stanford, CA"
13,90.3,University of California--Berkeley,4,United States,"Berkeley, CA"
14,87.2,University of Oxford,5,United Kingdom,Oxford
15,87.1,California Institute of Technology,6,United States,"Pasadena, CA"
16,86.5,Columbia University,7,United States,"New York, NY"
17,85.6,Princeton University,8,United States,"Princeton, NJ"
18,85.5,University of Cambridge,9,United Kingdom,Cambridge
19,85.3,University of Washington,10,United States,"Seattle, WA"
20,84.8,Johns Hopkins University,11,United States,"Baltimore, MD"
21,84.4,Yale University,12,United States,"New Haven, CT"
22,84.2,University of Chicago,13,United States,"Chicago, IL"
23,84.1,University of California--Los Angeles,14,United States,"Los Angeles, CA"
24,83.5,University of California--San Francisco,15,United States,"San Francisco, CA"
25,83.4,University of Pennsylvania,16,United States,"Philadelphia, PA"
26,83.3,University of Michigan--Ann Arbor,17,United States,"Ann Arbor, MI"
27,83.1,University of Toronto,18,Canada,"Toronto, Ontario"
28,82.8,University of California--San Diego,19,United States,"La Jolla, CA"
29,82.7,Imperial College London,20,United Kingdom,London
30,82.4,University College London,21,United Kingdom,London
31,81.6,Duke University,22,United States,"Durham, NC"
32,81.3,Cornell University,23,United States,"Ithaca, NY"
33,79.9,Northwestern University,24,United States,"Evanston, IL"
34,79.4,Swiss Federal Institute of Technology Zurich,25,Switzerland,Zurich
35,78.8,University of Melbourne,26,Australia,"Parkville, Victoria"
36,78,University of Sydney,27,Australia,"Sydney, New South Wales"
37,77.8,New York University,28,United States,"New York, NY"
38,77.8,University of Edinburgh,28,United Kingdom,"Edinburgh, Scotland"
39,77.6,University of British Columbia,30,Canada,"Vancouver, British Columbia"
40,76.9,Washington University in St. Louis,31,United States,"St. Louis, MO"
41,76.7,University of Copenhagen,32,Denmark,Copenhagen
42,76.6,University of North Carolina--Chapel Hill,33,United States,"Chapel Hill, NC"
43,76.5,National University of Singapore,34,Singapore,
44,76.5,University of Texas--Austin,34,United States,"Austin, TX"
45,76.1,Tsinghua University,36,China,Beijing
46,76,King's College London,37,United Kingdom,London
47,76,Sorbonne Universite,37,France,Paris
48,76,University of Wisconsin--Madison,37,United States,"Madison, WI"
49,75.7,University of Amsterdam,40,Netherlands,Amsterdam
50,75.6,University of California--Santa Barbara,41,United States,"Santa Barbara, CA"
51,75.5,University of Queensland Australia,42,Australia,"Brisbane, Queensland"
52,75.4,Nanyang Technological University,43,Singapore,
53,75.4,University of Munich,43,Germany,Munich
54,75.3,École Polytechnique Federale of Lausanne,45,Switzerland,Lausanne
55,75.3,Ohio State University--Columbus,45,United States,"Columbus, OH"
56,75.1,University of Minnesota--Twin Cities,47,United States,"Minneapolis, MN"
57,75.1,University of Pittsburgh,47,United States,"Pittsburgh, PA"
58,74.7,McGill University,49,Canada,"Montréal, Québec"
59,74.4,University of Colorado--Boulder,50,United States,"Boulder, CO"
60,74.3,Boston University,51,United States,"Boston, MA"
61,74.3,Karolinska Institute,51,Sweden,Stockholm
62,74.3,King Abdulaziz University,51,Saudi Arabia,Jeddah
63,74.3,University of Maryland--College Park,51,United States,"College Park, MD"
64,74.2,Utrecht University,55,Netherlands,Utrecht
65,74.1,Catholic University of Leuven,56,Belgium,Leuven
66,74.1,Heidelberg University,56,Germany,Heidelberg
67,73.9,University of Zurich,58,Switzerland,Zürich
68,73.8,Monash University,59,Australia,"Clayton, Victoria"
69,73.8,Peking University,59,China,Beijing
70,73.8,University of Illinois--Urbana-Champaign,59,United States,"Champaign, IL"
71,73.6,Georgia Institute of Technology,62,United States,"Atlanta, GA"
72,73.6,Rockefeller University,62,United States,"New York, NY"
73,73.5,University of California--Davis,64,United States,"Davis, CA"
74,73.5,University of Manchester,64,United Kingdom,Manchester
75,73.5,University of New South Wales,64,Australia,"Kensington, New South Wales"
76,73.3,Icahn School of Medicine at Mount Sinai,67,United States,"New York, NY"
77,73.3,Universite Sorbonne Paris Cite-USPC (ComUE),67,France,Paris
78,73.2,Australian National University,69,Australia,"Canberra, Australian Capital Territory"
79,73.2,University of Southern California,69,United States,"Los Angeles, CA"
80,72.7,Emory University,71,United States,"Atlanta, GA"
81,72.6,Pennsylvania State University--University Park,72,United States,"University Park, PA"
82,72.6,Vanderbilt University,72,United States,"Nashville, TN"
83,72.5,Erasmus University Rotterdam,74,Netherlands,Rotterdam
84,72.5,University of Tokyo,74,Japan,"Bunkyo-ku, Tokyo"
85,71.9,University of California--Santa Cruz,76,United States,"Santa Cruz, CA"
86,71.7,Technical University of Munich,77,Germany,Munich
87,71.5,University of California--Irvine,78,United States,"Irvine, CA"
88,71.3,Wageningen University and Research Center,79,Netherlands,Wageningen
89,71.2,University of Adelaide,80,Australia,"Adelaide, South Australia"
90,71,University of Bristol,81,United Kingdom,Bristol
91,70.8,Carnegie Mellon University,82,United States,"Pittsburgh, PA"
92,70.8,PSL Research University Paris (ComUE),82,France,Paris
93,70.8,VU University Amsterdam,82,Netherlands,Amsterdam
94,70.6,University of Arizona,85,United States,"Tucson, AZ"
95,70.5,University of Western Australia,86,Australia,"Crawley, Western Australia"
96,70.4,Ghent University,87,Belgium,Gent
97,70.4,University of Helsinki,87,Finland,Helsinki
98,70.2,Leiden University,89,Netherlands,Leiden
99,70.2,University of Glasgow,89,United Kingdom,"Glasgow, Scotland"
100,70.1,Humboldt-Universität zu Berlin,91,Germany,Berlin
101,70.1,Lund University,91,Sweden,Lund
102,70.1,University of Oslo,91,Norway,Oslo
103,70,University of Geneva,94,Switzerland,Geneva
104,70,University of Southampton,94,United Kingdom,Southampton
105,69.8,University of Birmingham,96,United Kingdom,Birmingham
106,69.8,University of Groningen,96,Netherlands,Groningen
107,69.7,University of Barcelona,98,Spain,Barcelona
108,69.6,Weizmann Institute of Science,99,Israel,Rehovot
109,69.5,University of Hong Kong,10,Hong Kong,"Pok Fu Lam, Hong Kong"
110,69.4,Michigan State University,10,United States,"East Lansing, MI"
111,69,Brown University,10,United States,"Providence, RI"
112,69,Uppsala University,10,Sweden,Uppsala
113,68.9,Radboud University Nijmegen,10,Netherlands,Nijmegen
114,68.7,"Rutgers, The State University of New Jersey--New Brunswick",10,United States,"Piscataway Township, NJ"
115,68.7,University of Florida,10,United States,"Gainesville, FL"
116,68.4,University of Virginia,10,United States,"Charlottesville, VA"
117,68.3,Aarhus University,10,Denmark,Aarhus C
118,68.3,London School of Hygiene & Tropical Medicine,10,United Kingdom,London
119,68.3,Rice University,10,United States,"Houston, TX"
120,68.3,University of Bonn,10,Germany,Bonn
121,68.2,University of Bern,11,Switzerland,Bern
122,67.9,Chinese University Hong Kong,11,Hong Kong,"Shatin, New Territories"
123,67.8,Purdue University--West Lafayette,11,United States,"West Lafayette, IN"
124,67.8,Stockholm University,11,Sweden,Stockholm
125,67.7,University of Bologna,11,Italy,Bologna
126,67.7,University of Padua,11,Italy,Padua
127,67.6,Université Paris-Sud,11,France,Orsay
128,67.5,"Queen Mary, University of London",11,United Kingdom,London
129,67.5,Sapienza University of Rome,11,Italy,Rome
130,67.3,University of Cape Town,12,South Africa,Cape Town
131,67.2,Freie Universität Berlin,12,Germany,Berlin
132,67.2,Hong Kong University of Science and Technology,12,Hong Kong,
133,66.8,Kyoto University,12,Japan,"Sakyo-ku, Kyoto, Kyoto"
134,66.7,University of Rochester,12,United States,"Rochester, NY"
135,66.6,McMaster University,12,Canada,"Hamilton, Ontario"
136,66.5,University of Warwick,12,United Kingdom,Coventry
137,66.4,Seoul National University,12,South Korea,Seoul
138,66.4,Universidade de São Paulo,12,Brazil,São Paulo
139,66.4,University of Basel,12,Switzerland,Basel
140,66.4,University of Science and Technology of China,12,China,"Hefei, Anhui"
141,66.3,Baylor College of Medicine,13,United States,"Houston, TX"
142,66.3,University of Sheffield,13,United Kingdom,Sheffield
143,66.2,Texas A&M University--College Station,13,United States,"College Station, TX"
144,66.2,University of Auckland,13,New Zealand,Auckland
145,66.1,Indiana University--Bloomington,13,United States,"Bloomington, IN"
146,66.1,Shanghai Jiao Tong University,13,China,Shanghai
147,66.1,University of Massachusetts--Amherst,13,United States,"Amherst, MA"
148,66,Universite de Lyon (ComUE),13,France,Lyon
149,66,University Catholique of Louvain,13,Belgium,Louvain-la-Neuve
150,66,University of Alberta,13,Canada,"Edmonton, Alberta"
151,66,University of Montreal,13,Canada,"Montréal, Québec"
152,66,University of Utah,13,United States,"Salt Lake City, UT"
153,65.9,Communaute Universite Grenoble Alpes,14,France,Saint-Martin-d'Heres
154,65.8,University of Hamburg,14,Germany,Hamburg
155,65.7,Arizona State University--Tempe,14,United States,"Tempe, AZ"
156,65.7,University of Texas Southwestern Medical Center--Dallas,14,United States,"Dallas, TX"
157,65.6,Technical University of Denmark,14,Denmark,Kongens Lyngby
158,65.3,University of California--Riverside,14,United States,"Riverside, CA"
159,65.3,University of Liverpool,14,United Kingdom,Liverpool
160,65.2,University of Gothenburg,15,Sweden,Gothenburg
161,65.1,King Abdullah University of Science & Technology,15,Saudi Arabia,Thuwal
162,65.1,Oregon Health & Science University,15,United States,"Portland, OR"
163,65.1,University of Nottingham,15,United Kingdom,Nottingham
164,65,Case Western Reserve University,15,United States,"Cleveland, OH"
165,65,University of Milan,15,Italy,Milan
166,64.9,Zhejiang University,15,China,"Hangzhou, Zhejiang"
167,64.8,University of Freiburg,15,Germany,Freiburg
168,64.8,University of Leeds,15,United Kingdom,Leeds
169,64.7,University of Göttingen,16,Germany,Göttingen
170,64.6,Autonomous University of Barcelona,16,Spain,Barcelona
171,64.6,University of Exeter,16,United Kingdom,"Exeter, Devon"
172,64.6,University of Iowa,16,United States,"Iowa City, IA"
173,64.3,International School for Advanced Studies,16,Italy,Trieste
174,64.3,University of Aix-Marseille,16,France,Marseille
175,64.3,University of Bergen,16,Norway,Bergen
176,64.3,University of Sussex,16,United Kingdom,Brighton
177,64.1,Cardiff University,16,United Kingdom,"Cardiff, Wales"
178,64.1,"Eberhard Karls University, Tübingen",16,Germany,Tübingen
179,64.1,Nanjing University,16,China,"Nanjing, Jiangsu"
180,64,Fudan University,17,China,Shanghai
181,64,Stony Brook University--SUNY,17,United States,"Stony Brook, NY"
182,63.8,City University Hong Kong,17,Hong Kong,"Kowloon, Hong Kong"
183,63.8,Delft University of Technology,17,Netherlands,Delft
184,63.7,Pompeu Fabra University,17,Spain,Barcelona
185,63.7,Universite Federale Toulouse Midi-Pyrenees (ComUE),17,France,Toulouse
186,63.7,University of Alabama--Birmingham,17,United States,"Birmingham, AL"
187,63.6,University of Calgary,17,Canada,"Calgary, Alberta"
188,63.2,RWTH Aachen University,17,Germany,Aachen
189,63,Newcastle University,18,United Kingdom,"Newcastle upon Tyne, Tyne and Wear"
190,62.9,Karlsruhe Institute of Technology,18,Germany,Karlsruhe
191,62.7,Technical University of Dresden,18,Germany,Dresden
192,62.6,Autonomous University of Madrid,18,Spain,Madrid
193,62.6,Tel Aviv University,18,Israel,Tel Aviv
194,62.6,University of Lausanne,18,Switzerland,Lausanne
195,62.4,Aalto University,18,Finland,Esbo
196,62.4,Boğaziçi University,18,Turkey,Istanbul
197,62.4,National Taiwan University,18,Taiwan,Taipei
198,62.4,University of Pisa,18,Italy,Pisa
199,62.3,Curtin University of Technology,19,Australia,"Bentley, Western Australia"
200,62.3,Florida State University,19,United States,"Tallahassee, FL"
201,62.3,Languedoc-Roussillon Universites (ComUE),19,France,Montpellier
202,62.3,Tufts University,19,United States,"Medford, MA"
203,62.3,Université Libre de Bruxelles,19,Belgium,Brussels
204,62.2,Sungkyunkwan University,19,South Korea,Seoul
205,62.1,Maastricht University,19,Netherlands,Maastricht
206,62.1,University of Cincinnati,19,United States,"Cincinnati, OH"
207,61.9,University of Ottawa,19,Canada,"Ottawa, Ontario"
208,61.9,University of Technology Sydney,19,Australia,"Ultimo, New South Wales"
209,61.8,Hong Kong Polytechnic University,20,Hong Kong,"Kowloon, Hong Kong"
210,61.8,Northeastern University,20,United States,"Boston, MA"
211,61.8,University of Vienna,20,Austria,Vienna
212,61.8,University of Witwatersrand,20,South Africa,Johannesburg
213,61.7,Scuola Normale Superiore di Pisa,20,Italy,Pisa
214,61.7,University of Naples Federico II,20,Italy,Naples
215,61.7,University of Würzburg,20,Germany,Würzburg
216,61.6,Royal Institute of Technology,20,Sweden,Stockholm
217,61.5,Johannes Gutenberg University of Mainz,20,Germany,Mainz
218,61.5,Sun Yat-sen University,20,China,"Guangzhou, Guangdong"
219,61.4,Charles University in Prague,21,Czech Republic,Prague 1
220,61.4,Durham University,21,United Kingdom,"Durham, Durham"
221,61.4,Lancaster University,21,United Kingdom,Lancaster
222,61.3,Johann Wolfgang Goethe University Frankfurt am Main,21,Germany,Frankfurt am Main
223,61.2,Dartmouth College,21,United States,"Hanover, NH"
224,61.2,University of Antwerp,21,Belgium,Antwerp
225,61.2,University of Lisbon,21,Portugal,Lisbon
226,61.1,University of Illinois--Chicago,21,United States,"Chicago, IL"
227,61.1,University of Tennessee,21,United States,"Knoxville, TN"
228,61.1,University of Waterloo,21,Canada,"Waterloo, Ontario"
229,61,Iowa State University,22,United States,"Ames, IA"
230,61,University of Oregon,22,United States,"Eugene, OR"
231,60.9,Hebrew University of Jerusalem,22,Israel,Jerusalem
232,60.8,University of Notre Dame,22,United States,"Notre Dame, IN"
233,60.7,Queensland University of Technology,22,Australia,"Brisbane, Queensland"
234,60.7,University of Rome Tor Vergata,22,Italy,Rome
235,60.6,University of Strasbourg,22,France,Strasbourg
236,60.5,Macquarie University,22,Australia,"North Ryde, New South Wales"
237,60.5,University College Dublin,22,Ireland,Dublin 4
238,60.5,University of Aberdeen,22,United Kingdom,"Aberdeen, Scotland"
239,60.5,University of Florence,22,Italy,Florence
240,60.5,University of Turin,22,Italy,Turin
241,60.4,Medical University of Vienna,23,Austria,Vienna
242,60.4,North Carolina State University--Raleigh,23,United States,"Raleigh, NC"
243,60.4,University of Malaya,23,Malaysia,"Kuala Lumpur, Kuala Lumpur"
244,60.3,University of Leicester,23,United Kingdom,Leicester
245,60.3,University of Miami,23,United States,"Coral Gables, FL"
246,60.2,University of Otago,23,New Zealand,Dunedin
247,60.2,University of Trento,23,Italy,Trento
248,60.2,University of Valencia,23,Spain,Valencia
249,59.9,Trinity College Dublin,24,Ireland,Dublin 2
250,59.9,University of Erlangen Nuremberg,24,Germany,Erlangen
251,59.8,Griffith University,24,Australia,"Nathan, Queensland"
252,59.8,Osaka University,24,Japan,"Suita, Osaka"
253,59.7,Aalborg University,24,Denmark,Aalborg
254,59.6,Huazhong University of Science and Technology,24,China,"Wuhan, Hubei"
255,59.6,University of Cologne,24,Germany,Köln
256,59.5,Deakin University,24,Australia,"Burwood, Victoria"
257,59.5,University of Wollongong,24,Australia,"Wollongong, New South Wales"
258,59.4,Harbin Institute of Technology,24,China,"Harbin, Heilongjiang"
259,59.3,Brandeis University,25,United States,"Waltham, MA"
260,59.3,University of Pavia,25,Italy,Pavia
261,59.2,Korea Advanced Institute of Science and Technology,25,South Korea,Daejeon
262,59.1,University of New Mexico,25,United States,"Albuquerque, NM"
263,59.1,Virginia Tech,25,United States,"Blacksburg, VA"
264,59,George Washington University,25,United States,"Washington, DC"
265,59,Tohoku University,25,Japan,"Aoba-ku, Sendai, Miyagi"
266,58.9,University of Maryland--Baltimore,25,United States,"Baltimore, MD"
267,58.8,Technion Israel Institute of Technology,25,Israel,Haifa
268,58.6,Free University of Brussels,25,Belgium,Elsene
269,58.6,London School of Economics and Political Science,25,United Kingdom,London
270,58.6,University of York,25,United Kingdom,York
271,58.5,National and Kapodistrian University of Athens,26,Greece,Athens
272,58.5,University of Kiel,26,Germany,Kiel
273,58.5,University of Victoria,26,Canada,"Victoria, British Columbia"
274,58.5,Yeshiva University,26,United States,"New York, NY"
275,58.4,Colorado State University,26,United States,"Fort Collins, CO"
276,58.4,M. V. Lomonosov Moscow State University,26,Russia,Moscow
277,58.4,Oregon State University,26,United States,"Corvallis, OR"
278,58.4,University at Buffalo--SUNY,26,United States,"Buffalo, NY"
279,58.4,University of St. Andrews,26,United Kingdom,"Fife, Scotland"
280,58.3,James Cook University,27,Australia,"Townsville City, Queensland"
281,58.3,Korea University,27,South Korea,Seoul
282,58.1,University of Texas--Dallas,27,United States,"Richardson, TX"
283,58,Universite Paris Saclay,27,France,Saint-Aubin
284,58,University of Newcastle,27,Australia,"Callaghan, New South Wales"
285,57.9,University of Milan - Bicocca,27,Italy,Milan
286,57.9,University of Münster,27,Germany,Münster
287,57.9,Western University,27,Canada,"London, Ontario"
288,57.8,Tongji University,27,China,Shanghai
289,57.8,University of Kansas,27,United States,"Lawrence, KS"
290,57.8,University of Western Sydney,27,Australia,"Penrith, NSW"
291,57.7,University of Trieste,28,Italy,Trieste
292,57.6,Communaute d'Universites et Etablissements d'Aquitaine (ComUE),28,France,Bordeaux
293,57.6,Norwegian University of Science and Technology,28,Norway,Trondheim
294,57.5,Wuhan University,28,China,"Wuhan, Hubei"
295,57.4,University of Genoa,28,Italy,Genoa
296,57.4,University of Warsaw,28,Poland,Warsaw
297,57.3,Universite Lille-Nord-de-France (ComUE),28,France,Villeneuve-d'Ascq
298,57.3,University of Porto,28,Portugal,Porto
299,57.2,Nagoya University,29,Japan,"Chikusa-ku, Nagoya, Aichi"
300,57.2,Pontificia University Católica de Chile,29,Chile,Santiago
301,57.2,Simon Fraser University,29,Canada,"Burnaby, British Columbia"
302,57.2,University of East Anglia,29,United Kingdom,Norwich
303,57.2,University of Georgia,29,United States,"Athens, GA"
304,57.2,University of Nebraska--Lincoln,29,United States,"Lincoln, NE"
305,57.2,University of Perugia,29,Italy,Perugia
306,57.2,Washington State University,29,United States,"Pullman, WA"
307,57,Georgetown University,29,United States,"Washington, DC"
308,57,University at Albany--SUNY,29,United States,"Albany, NY"
309,57,University of Duisburg-Essen,29,Germany,Essen
310,56.9,École Polytechnique,30,France,Palaiseau
311,56.9,University of Dundee,30,United Kingdom,"Dundee, Scotland"
312,56.8,Polytechnic University of Milan,30,Italy,Milan
313,56.8,University of Southern Denmark,30,Denmark,Odense M
314,56.7,State University of Campinas,30,Brazil,"Campinas, São Paulo"
315,56.7,Tokyo Institute of Technology,30,Japan,"Meguro-ku, Tokyo"
316,56.7,University of South Carolina–Columbia,30,United States,"Columbia, SC"
317,56.6,University of Ulm,30,Germany,Ulm
318,56.5,Umeå University,30,Sweden,Umeå
319,56.4,Wayne State University,30,United States,"Detroit, MI"
320,56.3,University of South Florida,31,United States,"Tampa, FL"
321,56.2,Southeast University,31,China,"Nanjing, Jiangsu"
322,56.2,University of Delaware,31,United States,"Newark, DE"
323,56.2,University of Granada,31,Spain,"Granada, Granada"
324,56.2,University of Reading,31,United Kingdom,"Reading, Berkshire"
325,56.1,Indiana University-Purdue University--Indianapolis,31,United States,"Indianapolis, IN"
326,56.1,Laval University,31,Canada,"Québec City, Québec"
327,56.1,RMIT University,31,Australia,"Melbourne, VIC"
328,56,University of Canterbury,31,New Zealand,Christchurch
329,55.9,Temple University,31,United States,"Philadelphia, PA"
330,55.9,University of Innsbruck,31,Austria,Innsbruck
331,55.9,University of Tasmania,31,Australia,"Hobart, Tasmania"
332,55.8,Dalhousie University,32,Canada,"Halifax, Nova Scotia"
333,55.8,Ivane Javakhishvili Tbilisi State University,32,Georgia,Tbilisi
334,55.8,Queen's University Belfast,32,United Kingdom,"Belfast, Northern Ireland"
335,55.8,University of Tartu,32,Estonia,Tartu
336,55.7,Kyushu University,32,Japan,"Higashi-ku Fukuoka, Fukuoka"
337,55.7,Technical University of Berlin,32,Germany,Berlin
338,55.7,Texas A&M University at Qatar,32,Qatar,Education City
339,55.7,University of Connecticut,32,United States,"Storrs, CT"
340,55.6,Stellenbosch University,32,South Africa,Stellenbosch
341,55.6,Yonsei University,32,South Korea,Seoul
342,55.5,Vienna University of Technology,33,Austria,Vienna
343,55.4,Beijing Normal University,33,China,Beijing
344,55.4,King Saud University,33,Saudi Arabia,Riyadh
345,55.4,Xiamen University,33,China,"Xiamen, Fujian"
346,55.3,Pohang University of Science and Technology,33,South Korea,"Pohang, Gyeongbuk"
347,55.2,Linköping University,33,Sweden,Linköping
348,55.2,South China University of Technology,33,China,"Guangzhou, Guangdong"
349,55.1,Eindhoven University of Technology,33,Netherlands,Eindhoven
350,55.1,Hunan University,33,China,"Changsha, Hunan"
351,55.1,University of Colorado--Denver,33,United States,"Denver, CO"
352,55.1,University of KwaZulu Natal,33,South Africa,Durban
353,55.1,University of Savoie,33,France,Chambéry
354,55,Jagiellonian University,34,Poland,Kraków
355,55,University of Turku,34,Finland,Turku
356,55,Xi'an Jiaotong University,34,China,"Xi'an, Shaanxi"
357,54.9,Belarusian State University,34,Belarus,Minsk
358,54.9,Federal University of Rio de Janeiro,34,Brazil,Rio de Janeiro
359,54.9,Syracuse University,34,United States,"Syracuse, NY"
360,54.7,Aristotle University of Thessaloniki,34,Greece,Thessaloniki
361,54.7,Swedish University of Agricultural Sciences,34,Sweden,Uppsala
362,54.7,University of Kentucky,34,United States,"Lexington, KY"
363,54.7,Vita-Salute San Raffaele University,34,Italy,Milan
364,54.6,Baylor University,35,United States,"Waco, TX"
365,54.6,University of Leipzig,35,Germany,Leipzig
366,54.5,Complutense University of Madrid,35,Spain,Madrid
367,54.5,Ruhr University Bochum,35,Germany,Bochum
368,54.4,University of Siena,35,Italy,Siena
369,54.3,Heinrich Heine University of Dusseldorf,35,Germany,Düsseldorf
370,54.3,National Tsing Hua University,35,Taiwan,Hsinchu
371,54.3,"Royal Holloway, University of London (RHUL)",35,United Kingdom,"Egham, Surrey"
372,54.3,Swinburne University of Technology,35,Australia,"Hawthorn, Victoria"
373,54.3,Ulsan National Institute of Science & Technology,35,South Korea,Ulsan
374,54.3,University of Liège,35,Belgium,Liège
375,54.1,Beihang University,36,China,Beijing
376,54.1,University of Mississippi,36,United States,"University, MS"
377,54,Friedrich Schiller University of Jena,36,Germany,Jena
378,54,University of Johannesburg,36,South Africa,Johannesburg
379,53.9,University of Bari,36,Italy,Bari
380,53.8,Chalmers University of Technology,36,Sweden,Gothenburg
381,53.8,University of Iceland,36,Iceland,Reykjavik
382,53.8,University of Ljubljana,36,Slovenia,Ljubljana
383,53.8,University of Missouri,36,United States,"Columbia, MO"
384,53.8,University of Twente,36,Netherlands,Enschede
385,53.7,Nankai University,37,China,"Nankai, Tianjin"
386,53.7,University of Buenos Aires,37,Argentina,"Buenos Aires City, Buenos Aires"
387,53.7,University of Eastern Finland,37,Finland,Joensuu
388,53.7,University of Massachusetts--Worcester,37,United States,"Worcester, MA"
389,53.6,University of Auvergne,37,France,Clermont-Ferrand
390,53.5,Queen's University,37,Canada,"Kingston, Ontario"
391,53.5,Universite de Lorraine,37,France,Nancy
392,53.5,University of Hawaii--Manoa,37,United States,"Honolulu, HI"
393,53.4,National Autonomous University of Mexico,38,Mexico,"Ciudad de México, Distrito Federal"
394,53.2,Hannover Medical School,38,Germany,Hannover
395,53.2,Louisiana State University--Baton Rouge,38,United States,"Baton Rouge, LA"
396,53.1,University of Chile,38,Chile,Santiago
397,53.1,University of Giessen,38,Germany,Giessen
398,53.1,University of Houston,38,United States,"Houston, TX"
399,53,Central South University,38,China,"Changsha, Hunan"
400,53,Kansas State University,38,United States,"Manhattan, KS"
401,53,Medical University of Innsbruck,38,Austria,Innsbruck
402,53,National Research Nuclear University MEPhI (Moscow Engineering Physics Institute),38,Russia,Moscow
403,53,Soochow University,38,China,"Suzhou, Jiangsu"
404,53,University of Manitoba,38,Canada,"Winnipeg, Manitoba"
405,52.9,Thomas Jefferson University,39,United States,"Philadelphia, PA"
406,52.8,China University of Geosciences,39,China,"Wuhan, Hubei"
407,52.8,University of South Australia,39,Australia,"Adelaide, South Australia"
408,52.8,University of Tsukuba,39,Japan,"Tsukuba, Ibaraki"
409,52.7,Medical University of Graz,39,Austria,Graz
410,52.7,Middle East Technical University,39,Turkey,Ankara
411,52.7,University of Tampere,39,Finland,Tampere
412,52.6,Wake Forest University,40,United States,"Winston-Salem, NC"
413,52.5,Moscow Institute of Physics and Technology,40,Russia,"Dolgoprudny, Moscow Region"
414,52.5,Tianjin University,40,China,Tianjin
415,52.5,Virginia Commonwealth University,40,United States,"Richmond, VA"
416,52.4,Drexel University,40,United States,"Philadelphia, PA"
417,52.4,University of Oklahoma,40,United States,"Norman, OK"
418,52.4,University of Tehran,40,Iran,Tehran
419,52.3,La Trobe University,40,Australia,"Melbourne, VIC"
420,52.3,Universite Paris-Est (ComUE),40,France,Champs-sur-Marne
421,52.3,University of Bath,40,United Kingdom,Bath
422,52.3,University of Nova de Lisboa,40,Portugal,Lisbon
423,52.2,Hokkaido University,41,Japan,"Kita-ku, Sapporo, Hokkaido"
424,52.2,National Technical University of Athens,41,Greece,Athens
425,52.2,University of Coimbra,41,Portugal,Coimbra
426,52.1,University of the Basque Country,41,Spain,"Leioa, Bizkaia"
427,52,York University,41,Canada,"Toronto, Ontario"
428,51.9,Florida International University,41,United States,"Miami, FL"
429,51.9,Medical University of South Carolina,41,United States,"Charleston, SC"
430,51.8,University of Alabama,41,United States,"Tuscaloosa, AL"
431,51.8,University of Belgrade,41,Serbia,Belgrade
432,51.8,University of Oulu,41,Finland,Oulu
433,51.8,University of Salerno,41,Italy,Fisciano
434,51.7,Dortmund University of Technology,42,Germany,Dortmund
435,51.6,Istanbul Technical University,42,Turkey,Istanbul
436,51.6,Novosibirsk State University,42,Russia,Novosibirsk
437,51.6,St George's University of London,42,United Kingdom,London
438,51.5,Flinders University,42,Australia,Bedford Park
439,51.5,Quaid I Azam University,42,Pakistan,Islamabad
440,51.5,Shandong University,42,China,"Jinan, Shandong"
441,51.5,Waseda University,42,Japan,"Shinjuku-ku, Tokyo"
442,51.4,University of the Andes Colombia,43,Colombia,"Bogotá, DC"
443,51.3,University of Minho,43,Portugal,Braga
444,51.2,University of Tromsø,43,Norway,Tromsø
445,51.1,Auckland University of Technology,43,New Zealand,Auckland
446,51.1,Cairo University,43,Egypt,Giza
447,51.1,Eotvos Lorand University,43,Hungary,Budapest
448,51.1,George Mason University,43,United States,"Fairfax, VA"
449,51.1,Hanyang University,43,South Korea,Seoul
450,51.1,Universidad Tecnica Federico Santa Maria,43,Chile,"Valparaiso, Valparaiso"
451,51.1,University of Strathclyde,43,United Kingdom,"Glasgow, Scotland"
452,51,University of Pretoria,44,South Africa,Hatfield
453,51,University of Surrey,44,United Kingdom,Surrey
454,50.9,Rush University,44,United States,"Chicago, IL"
455,50.8,Brunel University,44,United Kingdom,"Uxbridge, Middlesex"
456,50.8,Dalian University of Technology,44,China,"Dalian City, Liaoning"
457,50.8,London Business School,44,United Kingdom,London
458,50.8,Université de Rennes 1,44,France,Rennes
459,50.8,University of Navarra,44,Spain,Pamplona
460,50.8,University of Wisconsin--Milwaukee,44,United States,"Milwaukee, WI"
461,50.7,Texas Tech University,45,United States,"Lubbock, TX"
462,50.6,Singapore University of Technology & Design,45,Singapore,
463,50.6,University College Cork,45,Ireland,Cork
464,50.6,University of Catania,45,Italy,Catania
465,50.5,East China Normal University,45,China,Shanghai
466,50.5,Florida Institute of Technology,45,United States,"Melbourne, FL"
467,50.5,Islamic Azad University,45,Iran,Tehran
468,50.5,University of Cyprus,45,Cyprus,Nicosia
469,50.5,University of Santiago of Compostela,45,Spain,Santiago de Compostela
470,50.4,Federal University of Rio Grande do Sul,45,Brazil,"Porto Alegre, Rio Grande do Sul"
471,50.4,Philipps University of Marburg,45,Germany,Marburg
472,50.4,Politecnico di Bari,45,Italy,Bari
473,50.4,UNESP - Universidade Estadual Paulista,45,Brazil,São Paulo
474,50.4,University of Regensburg,45,Germany,Regensburg
475,50.4,University of Texas--Arlington,45,United States,"Arlington, TX"
476,50.3,Czech Technical University in Prague,46,Czech Republic,Prague 6
477,50.3,Federal University of Minas Gerais,46,Brazil,"Belo Horizonte, Minas Gerais"
478,50.3,Roma Tre University,46,Italy,Rome
479,50.2,University of Wuppertal,46,Germany,Wuppertal
480,50.1,Sichuan University,46,China,"Chengdu, Sichuan"
481,50.1,Tulane University,46,United States,"New Orleans, LA"
482,50.1,University of Guelph,46,Canada,"Guelph, Ontario"
483,50,Bielefeld University,47,Germany,Bielefeld
484,50,California State University--Fresno,47,United States,"Fresno, CA"
485,50,China Agricultural University,47,China,Beijing
486,50,Tilburg University,47,Netherlands,Tilburg
487,50,University of Fribourg,47,Switzerland,Fribourg
488,49.9,Central China Normal University,47,China,"Wuhan, Hubei"
489,49.9,Georgia State University,47,United States,"Atlanta, GA"
490,49.9,Southern Methodist University,47,United States,"Dallas, TX"
491,49.9,University of Central Florida,47,United States,"Orlando, FL"
492,49.9,University of Potsdam,47,Germany,Potsdam
493,49.9,University of Vermont,47,United States,"Burlington, VT"
494,49.8,Carleton University,48,Canada,"Ottowa, ON"
495,49.8,Swansea University,48,United Kingdom,"Swansea, Wales"
496,49.7,Beijing Institute of Technology,48,China,Beijing
497,49.7,Saint Petersburg State Polytechnic University,48,Russia,St. Petersburg
498,49.7,Versailles Saint-Quentin-en-Yvelines University (UVSQ),48,France,Versailles
499,49.7,Victoria University,48,Australia,"Footscray, VIC"
500,49.6,Polytechnic University of Turin,48,Italy,Turin
501,49.6,University of Jyväskylä,48,Finland,Jyväskylä
502,49.6,University of Mons,48,Belgium,Mons
503,49.6,University of Udine,48,Italy,Udine
504,49.5,Liverpool John Moores University (LJMU),49,United Kingdom,Liverpool
505,49.5,Oklahoma State University,49,United States,"Stillwater, OK"
506,49.4,AgroParisTech,49,France,Paris
507,49.4,University of Konstanz,49,Germany,Konstanz
508,49.3,College of William and Mary,49,United States,"Williamsburg, VA"
509,49.3,Darmstadt University of Technology,49,Germany,Darmstadt
510,49.3,Jilin University,49,China,"Changchun, Jilin"
511,49.3,Polytechnic University of Catalonia,49,Spain,Barcelona
512,49.3,University of Split,49,Croatia,Split
513,49.2,Catholic University of Sacred Heart,50,Italy,Milan
514,49.1,Colorado School of Mines,50,United States,"Golden, CO"
515,49.1,Parthenope University Naples,50,Italy,Napoli
516,49.1,University of Oviedo,50,Spain,"Oviedo, Asturias"
517,49.1,University of Texas--San Antonio,50,United States,"San Antonio, TX"
518,49,University of Electronic Science and Technology of China,50,China,"Chengdu, Sichuan"
519,48.8,Polytechnic University of Valencia,50,Spain,Valencia
520,48.7,Tomsk State University,50,Russia,Tomsk
521,48.7,Universitat Siegen,50,Germany,Victories
522,48.7,University of Rovira i Virgili,50,Spain,Tarragona
523,48.7,University of Stuttgart,50,Germany,Stuttgart
524,48.6,Indian Institute of Technology Bombay,51,India,"Mumbai, Maharashtra"
525,48.6,University of Calabria,51,Italy,Arcavacata di Rende
526,48.5,Victoria University of Wellington,51,New Zealand,Wellington
527,48.4,Keio University,51,Japan,"Minato-ku, Tokyo"
528,48.4,Universiti Teknologi Malaysia,51,Malaysia,Johor
529,48.4,University of Plymouth,51,United Kingdom,"Plymouth, Devon"
530,48.3,Palacky University Olomouc,51,Czech Republic,Olomouc
531,48.3,Rensselaer Polytechnic Institute,51,United States,"Troy, NY"
532,48.3,West University of Timisoara,51,Romania,Timisoara
533,48.2,Chulalongkorn University,52,Thailand,Bangkok
534,48.2,Mahidol University,52,Thailand,"Salaya, Nakhon Pathom"
535,48.2,Massey University,52,New Zealand,Palmerston North
536,48.2,Tokyo Metropolitan University,52,Japan,"Hachioji-shi, Tokyo"
537,48.2,University of Ferrara,52,Italy,Ferrara
538,48.2,University of Seville,52,Spain,Seville
539,48.1,University of Massachusetts--Boston,52,United States,"Boston, MA"
540,48.1,University of Verona,52,Italy,Verona
541,48,Indian Institute of Science,53,India,Bangalore
542,48,Panjab University,53,India,Chandigarh
543,47.9,Hacettepe University,53,Turkey,Ankara
544,47.9,Universidade Federal do ABC (UFABC),53,Brazil,"Santo Andre, Sao Paulo"
545,47.9,University of Bremen,53,Germany,Bremen
546,47.9,University of New Hampshire,53,United States,"Durham, NH"
547,47.8,Aveiro University,53,Portugal,Aveiro
548,47.8,Boston College,53,United States,"Chestnut Hill, MA"
549,47.8,Wuhan University of Technology,53,China,"Wuhan, Hubei"
550,47.7,Saint Petersburg State University,53,Russia,St. Petersburg
551,47.7,University of Hannover,53,Germany,Hannover
552,47.6,American University of Beirut,54,Lebanon,Beirut
553,47.6,Kobe University,54,Japan,"Nada-ku, Kobe, Hyogo"
554,47.6,University of Saskatchewan,54,Canada,"Saskatoon, Saskatchewan"
555,47.5,University of Louisville,54,United States,"Louisville, KY"
556,47.4,Aga Khan University,54,Pakistan,Karachi
557,47.4,University of Puerto Rico--Mayaguez,54,United States,"Mayaguez, PR"
558,47.3,Izmir Yuksek Teknoloji Enstitusu,54,Turkey,Urlla
559,47.3,Medical College of Wisconsin,54,United States,"Milwaukee, WI"
560,47.3,Montana State University--Bozeman,54,United States,"Bozeman, MT"
561,47.3,Saarland University,54,Germany,Saarbrücken
562,47.3,Universidad de Cantabria,54,Spain,"Santander, Cantabria"
563,47.3,University of Parma,54,Italy,Parma
564,47.3,University of Zaragoza,54,Spain,"Zaragoza, Aragon"
565,47.2,Ben-Gurion University of the Negev,55,Israel,Beer-Sheva
566,47.2,Kyung Hee University,55,South Korea,Seoul
567,47.2,Universite Bourgogne Franche-Comte (ComUE),55,France,Besancon
568,47.1,University of Science & Technology Beijing,55,China,Beijing
569,46.9,Kyungpook National University,55,South Korea,Daegu
570,46.9,Loughborough University,55,United Kingdom,"Loughborough, Leicestershire"
571,46.9,NUI Galway,55,Ireland,Galway
572,46.9,University of Casablanca Hassan 2,55,Morocco,"Casablanca, Morocco"
573,46.9,University of Modena and Reggio Emilia,55,Italy,Modena
574,46.9,University of Portsmouth,55,United Kingdom,Portsmouth
575,46.8,Comenius University in Bratislava,56,Slovakia,Bratislava
576,46.8,Heriot Watt University,56,United Kingdom,"Edinburgh, Scotland"
577,46.8,Shanghai University,56,China,Shanghai
578,46.8,University of Crete,56,Greece,"Rethymnon, Crete"
579,46.7,Babes-Bolyai University,56,Romania,Cluj-Napoca
580,46.7,Chongqing University,56,China,Chongqing
581,46.7,University of Bodenkultur Wien,56,Austria,Wien
582,46.7,University of Ioannina,56,Greece,Ioannina
583,46.6,Bilkent University,57,Turkey,Ankara
584,46.6,Lanzhou University,57,China,"Lanzhou, Gansu"
585,46.5,University of Palermo,57,Italy,Palermo
586,46.4,National Research University - Higher School of Economics,57,Russia,Moscow
587,46.3,University of Macau,57,Macau,Taipa
588,46.3,University of Zagreb,57,Croatia,Zagreb
589,46.2,Masaryk University,57,Czech Republic,Brno
590,46.2,Okayama University,57,Japan,"Kita-ku, Okayama City, Okayama"
591,46.2,Universite de Bordeaux,57,France,Talence
592,46.2,University of Graz,57,Austria,Graz
593,46.1,Federal University of Santa Catarina,58,Brazil,Florianópolis
594,46.1,Federal University of São Paulo,58,Brazil,São Paulo
595,46.1,Université du Québec à Montréal,58,Canada,"Montréal, Québec"
596,46,Nanjing University of Information Science & Technology,58,China,"Nanjing, Jiangsu"
597,46,Polytechnic University of Madrid,58,Spain,Madrid
598,46,Universitat de les Illes Balears,58,Spain,"Palma de Mallorca, Islas Baleares"
599,46,Universiti Sains Malaysia,58,Malaysia,Penang
600,46,University of Kent,58,United Kingdom,"Canterbury, Kent"
601,45.9,Hong Kong Baptist University,58,Hong Kong,
602,45.9,Northwestern Polytechnical University,58,China,"Xi'an, Shaanxi"
603,45.8,Bocconi University,59,Italy,Milano
604,45.8,Hiroshima University,59,Japan,"Higashi-Hiroshima, Hiroshima"
605,45.8,Sharif University of Technology,59,Iran,Tehran
606,45.8,Vilnius University,59,Lithuania,Vilnius
607,45.7,East China University of Science and Technology,59,China,Shanghai
608,45.7,Isfahan University of Technology,59,Iran,Isfahan
609,45.7,National Central University,59,Taiwan,"Jhongli City, Taoyuan County"
610,45.7,University of Seoul,59,South Korea,Seoul
611,45.6,Beijing Jiaotong University,59,China,Beijing
612,45.6,Beijing University of Chemical Technology,59,China,Beijing
613,45.6,Edith Cowan University,59,Australia,"Joondalup, WA"
614,45.6,Lappeenranta University of Technology,59,Finland,Lappeenranta
615,45.6,Rio de Janeiro State University,59,Brazil,Rio de Janeiro
616,45.6,San Diego State University,59,United States,"San Diego, CA"
617,45.5,China University of Petroleum,60,China,"Qingdao, Shandong"
618,45.5,National Cheng Kung University,60,Taiwan,Tainan City
619,45.5,University of Texas Medical Branch--Galveston,60,United States,"Galveston, TX"
620,45.4,King Fahd University of Petroleum and Minerals (KFUPM),60,Saudi Arabia,Dhahran
621,45.3,Kent State University,60,United States,"Kent, OH"
622,45.3,West Virginia University,60,United States,"Morgantown, WV"
623,45.2,Makerere University,61,Uganda,Kampala
624,45.2,Martin Luther University of Halle-Wittenberg,61,Germany,Halle (Saale)
625,45.2,Universiti Putra Malaysia,61,Malaysia,"Serdang, Selangor"
626,45.2,University of Essex,61,United Kingdom,"Colchester, Essex"
627,45.2,Warsaw University of Technology,61,Poland,Warsaw
628,45.1,University of Missouri--Kansas City,61,United States,"Kansas City, MO"
629,45.1,University of Ulsan,61,South Korea,Ulsan
630,45,Addis Ababa University,61,Ethiopia,Addis Ababa
631,45,Bar-Ilan University,61,Israel,Ramat Gan
632,45,National University La Plata,61,Argentina,Buenos Aires
633,45,University of Basilicata,61,Italy,Potenza
634,45,University of Bayreuth,61,Germany,Bayreuth
635,45,University of Luxembourg,61,Luxembourg,Esch-sur-Alzette
636,44.9,Ankara University,62,Turkey,Ankara
637,44.9,Australian Catholic University,62,Australia,Fitzroy
638,44.9,Copenhagen Business School,62,Denmark,Frederiksberg
639,44.9,Nanjing University of Science & Technology,62,China,"Nanjing, Jiangsu"
640,44.9,Renmin University of China,62,China,Beijing
641,44.9,University of Rostock,62,Germany,Rostock
642,44.8,Chonnam National University,63,South Korea,"Gwangju, Jeolla"
643,44.8,Norwegian University of Life Sciences,63,Norway,Ås
644,44.8,University Hohenheim,63,Germany,Stuttgart
645,44.8,University of Salento,63,Italy, Lecce
646,44.8,Visva Bharati University,63,India,Santiniketan
647,44.7,AGH University of Science & Technology,63,Poland,Kraków
648,44.7,University of Debrecen,63,Hungary,Debrecen
649,44.6,Murdoch University,63,Australia,Murdoch
650,44.5,Universiti Kebangsaan Malaysia (UKM),63,Malaysia,Bangi Selangor
651,44.5,University of La Laguna,63,Spain,La Laguna
652,44.5,University of Lubeck,63,Germany,Lübeck
653,44.4,Pusan National University,64,South Korea,Busan
654,44.4,Rochester Institute of Technology,64,United States,"Rochester, NY"
655,44.4,University of Cagliari,64,Italy,Cagliari
656,44.4,University of North Texas,64,United States,"Denton, TX"
657,44.3,Benemerita Universidad Autonoma de Puebla,64,Mexico,Puebla
658,44.3,Centre-Val de Loire (ComUE),64,France,Orleans
659,44.3,North West University - South Africa,64,South Africa,Potchefstroom
660,44.3,Pontificia Universidad Javeriana,64,Colombia,"Bogotá, DC"
661,44.3,University of Canberra,64,Australia,"Canberra, Australian Capital Territory"
662,44.3,University of Qatar,64,Qatar,"Doha, Qatar"
663,44.2,Khalifa University of Science & Technology,65,United Arab Emirates,"Abu Dhabi, UAE"
664,44.2,St. Louis University,65,United States,"St. Louis, MO"
665,44.2,University of Salamanca,65,Spain,Salamanca
666,44.1,Indian Institute of Technology Delhi,65,India,New Delhi
667,44.1,Indian Institute of Technology Madras,65,India,"Chennai, Tamil Nadu"
668,44.1,Open University,65,United Kingdom,"Milton Keynes, Buckinghamshire"
669,44,Memorial University of Newfoundland,65,Canada,"St. John's, NL"
670,44,Universitat de Girona,65,Spain,Girona
671,44,University of Sofia,65,Bulgaria,Sofia
672,43.9,Graz University of Technology,66,Austria,Graz
673,43.9,University of Maryland--Baltimore County,66,United States,"Baltimore, MD"
674,43.8,CUNY--City College,66,United States,"New York, NY"
675,43.7,City University London,66,United Kingdom,London
676,43.7,Mansoura University,66,Egypt,Mansoura
677,43.7,Nanjing Agricultural University,66,China,"Nanjing, Jiangsu"
678,43.7,University of Brescia,66,Italy,Brescia
679,43.6,Ain Shams University,66,Egypt,Cairo
680,43.6,University of California--Merced,66,United States,"Merced, CA"
681,43.5,Clemson University,66,United States,"Clemson, SC"
682,43.5,Northumbria University,66,United Kingdom,Newcastle upon Tyne
683,43.4,Concordia University,67,Canada,"Montréal, Québec"
684,43.4,Northern Illinois University,67,United States,"DeKalb, IL"
685,43.4,Ohio University,67,United States,"Athens, OH"
686,43.4,Universite Cote d'Azur (ComUE),67,France,Nice
687,43.4,University of Arkansas,67,United States,"Fayetteville, AR"
688,43.3,Tehran University of Medical Sciences,67,Iran,Tehran
689,43.3,University of Alaska--Fairbanks,67,United States,"Fairbanks, AK"
690,43.2,Amirkabir University of Technology (AUT),67,Iran,Tehran
691,43.2,Auburn University,67,United States,"Auburn, AL"
692,43.2,Babol Noshirvani University of Technology,67,Iran,Babol
693,43.2,Utah State University,67,United States,"Logan, UT"
694,43.1,Illinois Institute of Technology,68,United States,"Chicago, IL"
695,43.1,Sejong University,68,South Korea,Seoul
696,43.1,Semmelweis University,68,Hungary,Budapest
697,43,Shenzhen University,68,China,"Shenzhen, Guangdong"
698,43,Southern University of Science & Technology,68,China,"Shenzhen, Guangdong"
699,43,University of Mannheim,68,Germany,Mannheim
700,42.9,Jordan University of Science & Technology,68,Jordan,Irbid
701,42.9,Northern Arizona University,68,United States,"Flagstaff, AZ"
702,42.9,Orebro University,68,Sweden,Orebro
703,42.9,University of Szeged,68,Hungary,Szeged
704,42.8,American University,69,United States,"Washington, DC"
705,42.8,Braunschweig University of Technology,69,Germany,Braunschweig
706,42.8,Brigham Young University--Provo,69,United States,"Provo, UT"
707,42.8,Ewha Womans University,69,South Korea,Seoul
708,42.7,University of Brighton,69,United Kingdom,Brighton
709,42.7,University of Wyoming,69,United States,"Laramie, WY"
710,42.6,Fuzhou University,69,China,"Fuzhou, Fujian"
711,42.6,INSEAD Business School,69,France,Fontainebleau
712,42.6,Nanjing University of Aeronautics and Astronautics,69,China,"Nanjing, Jiangsu"
713,42.6,Universita della Campania Vanvitelli,69,Italy,Caserta
714,42.5,Aston University,70,United Kingdom,Birmingham
715,42.5,Chonbuk National University,70,South Korea,"Jeonju, Jeollabuk"
716,42.5,Huazhong Agricultural University,70,China,"Wuhan, Hubei"
717,42.5,University of Urbino,70,Italy,Urbino
718,42.4,Istanbul University,70,Turkey,Istanbul
719,42.4,Kwame Nkrumah University Science & Technology,70,Ghana,Kumasi
720,42.4,"Rutgers, The State University of New Jersey--Newark",70,United States,"Newark, NJ"
721,42.4,Universidad Nacional de Colombia,70,Colombia,"Bogotá, DC"
722,42.3,Charles Sturt University,71,Australia,"Wagga Wagga, NSW"
723,42.3,Marche Polytechnic University,71,Italy,Ancona
724,42.3,New Mexico State University,71,United States,"Las Cruces, NM"
725,42.3,University of Brasilia,71,Brazil,Brasília
726,42.3,University of the Republic - Uruguay,71,Uruguay,Montevideo
727,42.2,Jiangnan University,71,China,"Wuxi, Jiangsu"
728,42.2,Mohammed V University,71,Morocco,Rabat
729,42.2,University of Camerino,71,Italy,Camerino
730,42.2,University of Haifa,71,Israel,Haifa
731,42.1,Montpellier SupAgro,71,France,Montpellier
732,42.1,National Chiao Tung University,71,Taiwan,Hsinchu
733,42.1,Universite de Brest,71,France,Brittany
734,42,Cranfield University,72,United Kingdom,"Cranfield, Bedfordshire"
735,42,Indian Institute of Technology Kharagpur,72,India,Kharagpur
736,42,Shinshu University,72,Japan,"Matsumoto City, Nagano Prefecture"
737,42,University of Sherbrooke,72,Canada,"Sherbrooke, Québec"
738,42,University of the Western Cape,72,South Africa,Belville
739,41.9,University of Denver,72,United States,"Denver, CO"
740,41.9,University of Waikato,72,New Zealand,Hamilton
741,41.8,Bangor University,72,United Kingdom,"Bangor, Gwynedd"
742,41.8,CentraleSupelec,72,France,Chatenay-Malabry
743,41.8,University of New England,72,Australia,Armidale NSW
744,41.7,Liverpool School of Tropical Medicine,73,United Kingdom,"Liverpool, Lancashire"
745,41.6,Aberystwyth University,73,United Kingdom,Aberystwyth
746,41.6,Brandenburg University of Technology Cottbus,73,Germany,Cottbus
747,41.6,University of Ibadan,73,Nigeria,"Ibadan, Oyo State"
748,41.5,University of Montana,73,United States,"Missoula, MT"
749,41.4,Chiba University,73,Japan,"Chiba-shi, Chiba"
750,41.2,Universidad Carlos III de Madrid,73,Spain,Madrid
751,41.1,Indian Institute of Science Education & Research (IISER) - Pune,73,India,Pashan
752,41.1,Loyola University Chicago,73,United States,"Chicago, IL"
753,41.1,Nanjing University of Technology,73,China,"Nanjing, Jiangsu"
754,41.1,Tokyo Medical and Dental University,73,Japan,"Bunkyo-ku, Tokyo"
755,41,Carl von Ossietzky Universitat Oldenburg,74,Germany,Oldenburg
756,41,China University of Mining,74,China,"Xuzhou, Jiangsu"
757,40.9,Michigan Technological University,74,United States,"Houghton, MI"
758,40.9,University of Nevada--Las Vegas,74,United States,"Las Vegas, NV"
759,40.8,Indian Institute of Technology (IIT) - Roorkee,74,India,"Roorkee, Uttarakhand"
760,40.8,Koc University - Turkey,74,Turkey,Istanbul
761,40.8,Lulea University of Technology,74,Sweden,Lulea
762,40.7,Birkbeck University London,75,United Kingdom,London
763,40.7,University of Marrakech Cadi Ayyad,75,Morocco,"Marrakech, Morocco"
764,40.6,Indian Institute of Technology Kanpur,75,India,"Kanpur, Uttar Pradesh"
765,40.6,ITMO University,75,Russia,St. Petersburg
766,40.6,Southwest Jiaotong University,75,China,"Chengdu, Sichuan"
767,40.5,Gwangju Institute of Science and Technology,75,South Korea,"Gwangju, Jeolla"
768,40.5,National Taiwan University of Science and Technology,75,Taiwan,Taipei City
769,40.5,Northeastern University - China,75,China,Shenyang
770,40.5,Scuola Superiore Sant'Anna,75,Italy,Pisa
771,40.4,Augusta University,75,United States,"Augusta, GA"
772,40.4,California State University--Fullerton,75,United States,"Fullerton, CA"
773,40.4,National Institute for Applied Sciences - Lyon,75,France, Villeurbanne
774,40.4,Old Dominion University,75,United States,"Norfolk, VA"
775,40.3,Beijing University of Technology,76,China,Beijing
776,40.3,Ernst Moritz Arndt Universitat Greifswald,76,Germany,Greifswald
777,40.3,Polytechnic University of Bucharest,76,Romania,Bucharest
778,40.3,University of Delhi,76,India,New Delhi
779,40.3,University of Nevada--Reno,76,United States,"Reno, NV"
780,40.3,University of Patras,76,Greece,Rio Achaia
781,40.2,Indian Institute of Science Education & Research (IISER) - Kolkata,76,India,Nadia
782,40.2,Normandie Universite,76,France,Caen
783,40.2,Otto von Guericke University,76,Germany,Magdeburg
784,40.2,Universite Confederale Leonard de Vinci,76,France,Chasseneuil-du-Poitou
785,40.2,University of Idaho,76,United States,"Moscow, ID"
786,40.1,Howard University,77,United States,"Washington, DC"
787,40.1,Universidad Autonoma de San Luis Potosi,77,Mexico,"Mexico City, San Luis Potosi"
788,40.1,University of Eastern Piedmont Amedeo Avogadro,77,Italy,Vercelli
789,40.1,University of Rhode Island,77,United States,"Kingston, RI"
790,40,Alexandria University,77,Egypt,Alexandria
791,40,Universitat Jaume I,77,Spain,Castellón de la Plana
792,39.8,heSam Universite,78,France,Paris
793,39.8,Johannes Kepler University of Linz,78,Austria,Linz
794,39.8,University of Vigo,78,Spain,"Vigo, Pontevedra"
795,39.7,Kazan Federal University,78,Russia,Kazan
796,39.7,Universidade Federal de Juiz de Fora,78,Brazil,Juiz de Fora
797,39.7,Universitat Ramon Llull,78,Spain,Barcelona
798,39.6,Aligarh Muslim University,78,India,Aligarh
799,39.6,Hefei University of Technology,78,China,"Hefei, Anhui"
800,39.6,Yildiz Teknik University,78,Turkey,Istanbul
801,39.5,Hasselt University,78,Belgium,"Hasselt, Limburg"
802,39.5,Missouri University of Science & Technology,78,United States,"Rolla, MO"
803,39.5,University of Insubria,78,Italy,Varese
804,39.5,University of Messina,78,Italy,Messina
805,39.5,Yeungnam University,78,South Korea,"Gyeongsan, Gyeongbuk"
806,39.4,Ocean University of China,79,China,"Quingdao, Shandong"
807,39.4,Salzburg University,79,Austria,Salzburg
808,39.4,University of Concepción,79,Chile,Concepcion
809,39.4,Zhengzhou University,79,China,"Zhengzhou, Henan"
810,39.3,Xidian University,79,China,"Xi'an, Shaanxi"
811,39.2,Adam Mickiewicz University,79,Poland,Poznań
812,39.2,Lehigh University,79,United States,"Bethlehem, PA"
813,39.2,University of Hull,79,United Kingdom,Hull
814,39.2,University of Texas--El Paso,79,United States,"El Paso, TX"
815,39.1,New Jersey Institute of Technology,80,United States,"Newark, NJ"
816,39.1,New York Medical College,80,United States,"Valhalla, NY"
817,39.1,Royal College of Surgeons - Ireland,80,Ireland,Dublin
818,39.1,United Arab Emirates University,80,United Arab Emirates,"Al-Ain, UAE"
819,39.1,University of Murcia,80,Spain,Murcia
820,39,Binghamton University--SUNY,80,United States,"Binghamton, NY"
821,39,Donghua University,80,China,Shanghai
822,38.9,All India Institute of Medical Sciences,81,India,New Delhi
823,38.9,Federal University of Paraná,81,Brazil,Curitiba
824,38.9,Nanjing Medical University,81,China,"Gulou, Nanjing"
825,38.9,Tarbiat Modares University,81,Iran,Tehran
826,38.9,Universidade Federal de Pelotas,81,Brazil,Pelotas
827,38.8,Cukurova University,81,Turkey,Adana
828,38.8,University of North Carolina--Charlotte,81,United States,"Charlotte, NC"
829,38.7,Maynooth University,81,Ireland,Maynooth
830,38.7,Universite de Haute-Alsace (UHA),81,France,Mulhouse
831,38.4,China Medical University Taiwan,81,Taiwan,Taichung
832,38.4,Mississippi State University,81,United States,"Mississippi State University, MS"
833,38.4,Nanjing Normal University,81,China,"Nanjing, Jiangsu"
834,38.4,"Northwest University, Xi'an",81,China,"Xi'an, Shaanxi"
835,38.4,Universidade Federal de Sao Joao del-Rei,81,Brazil,Sao Joao del-Rei
836,38.4,University of Akron,81,United States,"Akron, OH"
837,38.4,University of Alabama--Huntsville,81,United States,"Huntsville, AL"
838,38.3,Federal University of Sao Carlos,82,Brazil,"São Carlos, SP"
839,38.2,Hohai University,82,China,"Nanjing, Jiangsu"
840,38.2,Konkuk University,82,South Korea,Seoul
841,38.2,Mersin University,82,Turkey,Mersin
842,38.2,National Polytechnic Institute,82,Mexico,Mexico City
843,38.2,National Sun Yat-Sen University,82,Taiwan,Kaohsiung
844,38.2,University of Maribor,82,Slovenia,Maribor
845,38.1,Federal University of Pernambuco,83,Brazil,"Recife, PE"
846,38.1,National Yang-Ming University,83,Taiwan,Taipei
847,38.1,ShanghaiTech University,83,China,"Pudong, Shanghai"
848,38.1,University of Wrocław,83,Poland,Wrocław
849,38,Beijing University of Posts,83,China,Beijing
850,38,Dublin City University,83,Ireland,Dublin
851,38,Tuscia University,83,Italy,Viterbo
852,38,University of Neuchatel,83,Switzerland,Neuchâtel
853,37.9,Charles Darwin University,84,Australia,"Casuarina, NT"
854,37.9,Creighton University,84,United States,"Omaha, NE"
855,37.9,Northwest A&F University - China,84,China,"Yangling, Shaanxi"
856,37.9,Universidade Federal do Ceara,84,Brazil,"Fortaleza, Ceara"
857,37.9,University of Stirling,84,United Kingdom,Stirling
858,37.9,University of Tabriz,84,Iran,"Tabriz, East Azerbaijan"
859,37.8,California Polytechnic State University--San Luis Obispo,84,United States,"San Luis Obispo, CA"
860,37.8,Harbin Engineering University,84,China,"Harbin, Heilongjiang"
861,37.8,Texas A&M Health Science Center,84,United States,"San Antonio, TX"
862,37.7,Banaras Hindu University,85,India,"Varanasi, Uttar Pradesh"
863,37.7,Sabanci University,85,Turkey,"Tuzla, Istanbul"
864,37.7,Shiraz University,85,Iran,Shiraz
865,37.7,Universidad Costa Rica,85,Costa Rica,"San Pedro Montes de Oca, San Jose"
866,37.7,University of Texas--Rio Grande Valley,85,United States,"Edinburg, TX"
867,37.6,Tecnologico de Monterrey,85,Mexico,Monterrey
868,37.6,Zhejiang University of Technology,85,China,"Hangzhou, Zhejiang"
869,37.5,Universidad de Antioquia,85,Colombia,Medellín
870,37.5,Universidad de Cordoba,85,Spain,Cordoba
871,37.5,Universidad de Malaga,85,Spain,Malaga
872,37.3,Bohai University,86,China,Jinzhou
873,37.3,University of Limerick,86,Ireland,Limerick
874,37.3,University of Sassari,86,Italy,Sassari
875,37.3,University of Ulster,86,United Kingdom,Coleraine
876,37.2,Gaziantep University,86,Turkey,Gaziantep
877,37.2,Keele University,86,United Kingdom,Staffordshire
878,37.2,Taipei Medical University,86,Taiwan,Taipei City
879,37.1,Mashhad University Medical Science,86,Iran,Mahshad
880,37.1,University of Louisiana--Lafayette,86,United States,"Lafayette, LA"
881,37.1,University of Nairobi,86,Kenya,Nairobi
882,37,Iran University Science & Technology,87,Iran,Tehran
883,37,University of Southern Queensland,87,Australia,"Toowoomba, Queensland"
884,36.9,Universitat Kassel,87,Germany,Kassel
885,36.9,University of Bucharest,87,Romania,Bucharest
886,36.9,University of London Royal Veterinary College,87,United Kingdom,London
887,36.8,Indian Institute of Technology (IIT) - Indore,87,India,Indore
888,36.8,Marmara University,87,Turkey,Istanbul
889,36.8,National University of Cordoba,87,Argentina,Córdoba
890,36.8,University of Veterinary Medicine Vienna,87,Austria,Vienna
891,36.7,European University Institute,87,Italy,Florence
892,36.7,Inha University,87,South Korea,Incheon
893,36.7,South China Agricultural University,87,China,"Guangzhou, Guangdong"
894,36.7,Tokyo University of Science,87,Japan,Tokyo
895,36.7,Universidad de Alcala,87,Spain,Madrid
896,36.7,Universite de Tunis-El-Manar,87,Tunisia,"Tunis, Tunisia"
897,36.6,Assiut University,88,Egypt,Assiut
898,36.6,Kangwon National University,88,South Korea,Chuncheon-si
899,36.6,Portland State University,88,United States,"Portland, OR"
900,36.6,Southwest University - China,88,China,Chongqing
901,36.5,Ferdowsi University Mashhad,88,Iran,"Mashhad, Razavi Khorasan"
902,36.5,International Islamic University Malaysia,88,Malaysia,Selangor
903,36.5,Tomsk Polytechnic University,88,Russia,Tomsk
904,36.5,Universidade Federal da Bahia,88,Brazil,"Cruz Das Almas, Bahia"
905,36.4,Chiang Mai University,89,Thailand,Chiang Mai
906,36.4,Chung Ang University,89,South Korea,Seoul
907,36.4,CUNY--Hunter College,89,United States,"New York, NY"
908,36.4,North China Electric Power University,89,China,"Beijing, Beijing"
909,36.4,Rhodes University,89,South Africa,Grahamstown
910,36.3,Graduate University for Advanced Studies - Japan,89,Japan,"Hayama, Kanagawa Prefecture"
911,36.3,Niigata University,89,Japan,Niigata
912,36.3,Southern Cross University,89,Australia,"East Lismore, NSW"
913,36.3,University of Kaiserslautern,89,Germany,Kaiserslautern
914,36.2,Universidade Federal Fluminense,90,Brazil,"Niterói, Rio de Janerio"
915,36.2,University of Paderborn,90,Germany,Paderborn
916,36,Gyeongsang National University,90,South Korea,"Jinju City, South Gyeongsang"
917,36,Hong Kong Institute of Education,90,Hong Kong,Tai Po
918,36,Nanchang University,90,China,"Nanchang, Jiangxi"
919,36,Ryerson University,90,Canada,"Toronto, Ontario"
920,36,Sultan Qaboos University,90,Oman,Muscat
921,36,University of Oklahoma Health Sciences Center,90,United States,"Oklahoma City, OK"
922,36,University of South Bohemia Ceske Budejovice,90,Czech Republic,České Budějovice
923,35.9,Fujian Agriculture,91,China,"Fuzhou, Fujian"
924,35.9,National University of Defence Technology - China,91,China,"Changsha, Hunan"
925,35.9,Uniformed Services University of the Health Sciences,91,United States,"Bethesda, MD"
926,35.8,Chang Gung University,91,Taiwan,Taoyuan City
927,35.8,Ege University,91,Turkey,İzmir
928,35.8,Jinan University,91,China,"Guangzhou, Guangdong"
929,35.8,Ritsumeikan University,91,Japan,Kyoto
930,35.8,Universidade Federal do Rio Grande do Norte,91,Brazil,Natal/RN
931,35.8,University of Castilla-La Mancha,91,Spain,Real
932,35.7,University of Arkansas Medical Sciences,92,United States,"Little Rock, AR"
933,35.6,Brno University of Technology,92,Czech Republic,Brno
934,35.6,Southern Illinois University--Carbondale,92,United States,"Carbondale, IL"
935,35.6,University of Ghana,92,Ghana,Legon
936,35.5,University of Toledo,92,United States,"Toledo, OH"
937,35.4,Shandong University of Science & Technology,92,China,"Qingdao, Shandong"
938,35.3,Indian Institute of Technology (IIT) - Guwahati,92,India,"Guwahati, Assam"
939,35.3,Wroclaw Medical University,92,Poland,Wrocław
940,35.2,Guangzhou University,92,China,"Guangzhou, Guangdong"
941,35.2,Nova Southeastern University,92,United States,"Ft. Lauderdale, FL"
942,35.2,Suez Canal University,92,Egypt,"Ismailia, Egypt"
943,35,Anglia Ruskin University,93,United Kingdom,Cambridge
944,35,Manchester Metropolitan University,93,United Kingdom,Manchester
945,35,Middlesex University,93,United Kingdom,London
946,35,Nagasaki University,93,Japan,"Nagasaki, Nagasaki Prefecture"
947,35,Northeast Normal University - China,93,China,"Changchun, Jilin"
948,34.9,Central Queensland University,93,Australia,"Rockhampton North, Queensland"
949,34.9,Jadavpur University,93,India,"Kolkata, West Bengal"
950,34.8,Beijing Forestry University,93,China,Beijing
951,34.8,Hofstra University,93,United States,"Hempstead, NY"
952,34.8,University of New Brunswick,93,Canada,"Fredericton, NB"
953,34.7,Bournemouth University,94,United Kingdom,"Poole, Dorset"
954,34.7,Nanjing University of Posts & Telecommunications,94,China,"Nanjing, Jiangsu"
955,34.7,Universita Ca Foscari Venezia,94,Italy,Venice
956,34.6,Budapest University of Technology & Economics,94,Hungary,Budapest
957,34.5,Kumamoto University,94,Japan,Kumamoto
958,34.5,National Taiwan Normal University,94,Taiwan,Taipei City
959,34.5,Qufu Normal University,94,China,"Qufu, Shandong"
960,34.4,Abo Akademi University,94,Finland,Tuomiokirkontori 3
961,34.4,Kanazawa University,94,Japan,"Kanazawa, Ishikawa"
962,34.4,Universiti Teknologi MARA,94,Malaysia,Darul Ehsan
963,34.3,Beni-Suef University,95,Egypt,"Beni Suef, Egypt"
964,34.3,Capital Medical University,95,China,Beijing
965,34.3,Christian Medical College & Hospital (CMCH) Vellore,95,India,Vellore
966,34.3,Fourth Military Medical University,95,China,"Xi'an, Shaanxi"
967,34.3,Hamburg University of Technology,95,Germany,Hamburg
968,34.3,National University of Sciences & Technology - Pakistan,95,Pakistan,Islamabad
969,34.3,Universite de Sfax,95,Tunisia,Sfax
970,34.3,University of South Africa,95,South Africa,Pretoria
971,34.2,Universitat de Lleida,95,Spain,Lleida
972,34.2,Yokohama City University,95,Japan,"Yokohama, Kanagawa Prefecture"
973,34.1,Hangzhou Normal University,96,China,"Hangzhou, Zhejiang"
974,34.1,Wroclaw University of Technology,96,Poland,Wroclaw
975,34,Athens Medical School,96,Greece,Athina
976,34,China Pharmaceutical University,96,China,"Nanjing, Jiangsu"
977,34,Federal University of Vicosa,96,Brazil,"Viçosa, Minas Gerais"
978,34,Gazi University,96,Turkey,Ankara
979,34,Universidad Austral de Chile,96,Chile,"Valdivia, Región de los Ríos"
980,33.9,Ajou University,96,South Korea,"Suwon, Gyeonggi"
981,33.9,Fordham University,96,United States,"New York, NY"
982,33.8,Polytechnic Institute of Porto,97,Portugal,Porto
983,33.8,University of the Free State,97,South Africa,Bloemfontein
984,33.7,San Francisco State University,97,United States,"San Francisco, CA"
985,33.7,Universidad de Valladolid,97,Spain,Valladolid
986,33.7,University of Hertfordshire,97,United Kingdom,"Hatfield, Hertfordshire"
987,33.7,Zhejiang Normal University,97,China,"Jinhua, Zhejiang"
988,33.6,Adiyaman University,97,Turkey,Adiyaman merkez
989,33.6,Oxford Brookes University,97,United Kingdom,Oxford
990,33.6,Universidade do Algarve,97,Portugal,Faro
991,33.6,University of the Sunshine Coast,97,Australia,Sippy Downs
992,33.6,University of Yaounde I,97,Cameroon,Yaounde
993,33.4,North Dakota State University,98,United States,"Fargo, ND"
994,33.4,Qingdao University,98,China,"Qingdao, Shandong"
995,33.3,Florida Atlantic University,98,United States,"Boca Raton, FL"
996,33.2,Loma Linda University,98,United States,"Loma Linda, CA"
997,33.2,Nicolaus Copernicus University,98,Poland,Toruń
998,33.2,University of Central Lancashire,98,United Kingdom,"Preston, Lancashire"
999,33.1,Jacobs University,98,Germany,Bremen
